"Portland, Oregon Daily Bike Estimates, 2000-2018 (based on 2-hour peak counts)",,,,,,,,,,,,,,,,,,,,,,
Sector,Site #,Location,2018,2017,2016,2015,2014,2013,2012,2011,2010,2009,2008,2007,2006,2005,2004,2003,2002,2001,2000,prior to 2000
bridge,2,Burnside Bridge,"1,780","2,445","2,390","2,385","2,340","2,110","2,055","2,175","1,865","1,760","2,035","1,325","1,260",-,-,690,-,965,-,920
bridge,4,Sellwood Bridge,735,900,620,385,665,495,675,455,395,480,-,485,455,-,-,-,-,-,-,415
north,6,N Fessenden & Peninsula Crossing,220,200,180,185,445,245,350,-,-,365,280,275,-,-,-,-,-,-,-,-
north,7,N Interstate & Greeley,"1,420","1,325","1,400","1,480","1,305","1,115","1,295","1,240","1,275","1,185","1,340",960,"1,010",-,-,390,-,-,-,255
north,8,N Interstate & Larrabee,"1,660","1,480","1,400","1,725","1,540","1,610","1,625","1,605","1,105","1,230","1,705","1,295","1,245",-,-,-,-,-,-,-
north,9,N Portsmouth & Houghton,200,130,190,230,-,120,185,-,-,215,260,215,-,-,-,-,-,-,-,-
north,10,N Denver & Rosa Parks,850,825,"1,215","1,000",990,"1,100",750,615,-,800,740,515,450,-,-,-,-,135,-,-
north,11,N Vancouver & Russell,"4,705","5,250","5,885","5,140","5,700","4,740","5,160","4,375",-,"3,225","3,600","2,325","1,900",-,-,"1,075",-,950,850,530
north,12,N Williams & Russell,"4,108","5,005","4,925","4,710","5,345","4,605","3,985","3,995","3,095","2,675","2,745","2,105",885,-,880,-,-,560,610,295
north,13,N Smith & St. Louis,20,105,55,155,-,115,145,-,125,-,155,100,-,-,-,-,-,-,-,-
north,14,N Flint & Tillamook,635,595,675,670,795,715,-,890,-,685,820,590,535,-,-,-,-,915,835,400
north,15,N Vancouver & Ainsworth,"1,265","1,370","1,320","1,360","1,260","1,410","1,160","1,060",990,-,"1,200",615,580,-,410,-,-,265,220,168
north,16,N Willamette & Philadelphia,,175,190,175,-,140,190,260,280,-,-,150,-,-,-,-,-,-,-,-
north,17,N Willamette & Waud Bluff Trail,,885,825,"1,065",885,810,890,875,-,765,610,-,-,-,-,-,-,-,-,-
east,18,NE Marine Drive & PDX Trail,195,310,210,305,-,270,390,465,420,-,-,195,-,-,-,-,-,-,-,-
northeast,19,NE Going & 37th,900,"1,000",830,"1,005",-,"1,020",860,735,360,230,270,-,-,-,-,-,-,-,-,-
northeast,20,NE Multnomah & 47th,500,410,555,560,485,560,560,535,290,545,505,400,285,-,-,215,-,170,190,195
northeast,21,NE Siskiyou & 72nd,145,115,135,240,140,130,-,-,165,185,160,-,-,-,-,-,-,-,-,-
east,22,NE Halsey & 92nd,135,160,350,150,145,185,140,145,150,160,190,120,110,-,-,-,-,-,-,-
northeast,23,NE Broadway & 7th,"1,595","1,670","1,505","1,885","1,840","1,760","1,530","1,270","1,200","1,560","1,765","1,525","1,205",-,-,-,-,-,-,365
east,24,E Burnside & 122nd,340,475,490,690,350,540,400,565,400,365,-,425,450,-,-,-,-,-,-,-
northeast,25,E Burnside & 74th,570,510,540,595,625,-,750,745,530,455,500,405,440,365,-,-,-,-,-,-
northeast,26,NE Everett & 53rd,"1,550","1,480","1,465","1,225","1,220","1,120","1,090","1,220","1,005",-,845,765,595,400,-,-,-,-,-,-
east,27,NE Fremont & 122nd,95,140,70,65,105,140,145,155,140,175,150,75,-,-,-,-,-,-,-,-
east,28,NE Halsey & 122nd,185,270,200,195,245,-,380,335,300,195,335,-,-,-,-,-,-,-,-,-
east,29,NE Halsey & 148th,55,,110,110,50,115,115,145,95,100,155,-,-,-,-,-,-,-,-,-
northeast,30,NE Irving & 12th,"1,630","1,735","1,905","1,820","1,730","1,665","1,865","1,670","1,710","1,635","1,655","1,360",850,-,-,-,-,540,475,505
northeast,31,NE Irving & 20th,"1,000","1,035","1,095","1,265","1,260","1,165","1,320","1,335","1,100","1,040",-,"1,010",890,-,-,-,-,,275,375
northeast,32,NE Multnomah & 7th,"1,620","1,670","1,675","1,685","1,320","1,325","1,155","1,005",-,"1,180","1,275",-,860,-,-,-,-,415,465,380
northeast,33,NE Killingsworth & Portland Hwy,,80,85,105,190,130,200,-,-,-,120,115,-,-,-,-,-,-,-,-
northeast,34,NE Skidmore & 29th,245,260,235,290,250,265,325,-,-,-,-,240,-,-,-,-,-,-,-,-
northeast,35,NE Grant Pl & 33rd,"1,045","1,485","1,395","1,355","1,135","1,205","1,175","1,115","1,095",750,"1,165",680,710,-,-,-,-,-,-,-
northeast,36,NE Weidler & 7th,"1,565","1,610","1,640","1,515",-,"1,480","1,715",-,850,-,-,"1,330","1,205",-,655,-,-,700,725,745
northeast,37,NE Weidler & MLK,,555,580,635,-,620,515,540,500,850,"1,025",655,505,-,-,-,-,740,-,655
northwest,38,NW Thurman & 14th,,560,350,495,510,435,430,365,415,485,565,415,-,-,-,-,-,-,-,-
northwest,39,NW Bridge Ave & St. Johns Bridge,200,140,-,130,-,195,180,185,-,235,-,110,-,-,-,-,-,-,-,-
northwest,40,NW Couch & 15th,270,235,275,315,240,215,255,230,195,215,200,185,120,-,-,-,-,-,70,95
northwest,41,NW Glisan & 16th,,330,360,305,300,465,490,-,500,330,440,335,215,-,375,-,-,-,230,360
northwest,42,NW Johnson & 18th,950,925,940,"1,010","1,100",920,835,880,720,785,-,660,650,-,-,-,445,-,410,-
northwest,43,NW Johnson & 19th,765,760,710,675,510,540,815,"1,000",-,415,525,635,-,-,-,200,-,255,-,-
northwest,44,NW Thompson & Skyline,105,125,105,130,-,-,130,-,-,-,215,-,-,-,-,-,-,-,-,-
northwest,45,NW Wardway & Nicolai,210,240,300,255,230,220,325,-,-,290,305,-,-,-,-,-,-,-,-,-
east,46,SE Springwater & 122nd,525,600,660,645,625,695,690,815,-,525,425,405,-,-,-,-,-,-,-,-
east,47,SE Powell & 148th,45,160,115,-,160,135,-,-,160,190,205,180,-,-,-,-,-,-,-,-
southeast,48,SE Gladstone & 26th,,"1,140","1,080",825,925,935,825,735,650,765,645,565,420,-,-,-,-,-,-,350
southeast,49,SE Salmon & 7th,"1,875","2,030","1,970","2,195","1,915","1,885","1,675","1,795","1,335","1,760","1,885","1,420","1,010",-,-,-,-,470,-,120
southeast,50,SE Ankeny & 6th,"1,075","1,100","1,110","1,300","1,125",980,920,990,"1,265","1,455",-,970,855,-,680,-,-,,725,750
southeast,51,SE Belmont & 16th,735,795,860,860,780,670,830,810,720,610,725,455,425,-,-,375,-,240,-,-
southeast,52,SE Milwaukie & Bybee,365,320,370,325,460,470,505,315,455,375,535,405,-,-,-,-,-,-,-,-
southeast,53,SE Center & 72nd,,350,380,-,345,270,215,485,220,350,310,330,-,-,-,-,-,-,-,-
southeast,54,SE Center & 9th,100,70,100,100,175,180,165,-,115,-,95,50,-,-,-,-,-,-,-,-
southeast,55,SE Clinton & 26th,"3,025","3,785","3,385","3,255","3,205","3,095","3,180","2,655","2,750","2,345","2,710","1,770","1,515",-,"1,250",-,-,595,650,-
east,57,SE Flavel & 92nd,300,505,645,-,660,830,735,730,630,385,410,265,555,-,-,-,-,-,-,365
east,58,SE Flavel & Deardorf,,,5,-,-,30,-,-,-,40,-,-,-,-,-,-,-,-,-,-
southeast,59,SE Gladstone & 42nd,745,745,735,785,995,710,690,-,895,905,715,490,430,-,-,-,-,-,-,290
east,60,SE Springwater & I-205 Path,730,940,940,990,"1,380",990,"1,375","1,205",965,-,375,-,-,-,-,-,-,-,-,-
southeast,61,SE Harrison & Ladd (Circle)**,"3,075","3,175","3,360","3,590","3,810","4,255","3,455","3,600","3,935","3,955","3,975","1,755","1,850","1,855",-,-,-,900,-,"1,260"
southeast,62,SE Lincoln & 41st,"1,800","1,855","2,135","2,145","1,875","1,710","2,030","1,880","1,795","1,965","1,925","1,025","1,015",-,-,725,-,575,-,-
east,63,SE Mill & 135th,140,130,125,115,130,145,230,270,-,195,130,-,-,-,-,-,-,-,-,-
southeast,64,SE Milwaukie & Powell,310,425,390,335,615,515,-,-,600,780,740,500,,-,-,-,-,-,-,-
southeast,65,SE Spokane & Springwater,"2,035","2,700","2,610","2,560","2,485","2,685","2,915","2,000","2,080","1,050","2,860","1,885","1,410",-,-,-,-,-,-,-
southeast,66,SE Taylor & 41st,825,875,"1,145","1,065",910,"1,365","1,205","1,205","1,185","1,245",950,955,700,-,-,-,-,325,-,-
southeast,67,SE Woodstock & 46th,448,630,580,440,565,730,450,-,600,580,660,635,-,-,-,-,-,-,-,-
southeast,68,SE Woodward & 71st,550,545,470,735,345,390,450,590,755,550,490,-,-,-,-,-,-,-,-,-
southeast,69,SE Springwater & Johson Creek,665,945,"1,075","1,300","1,260","1,125","1,010","1,175",730,775,775,"1,020",-,-,-,-,-,-,-,-
southeast,70,Springwater & Oaks Bottom Path,"2,320","2,885","3,025","2,800","2,880","2,860","2,885","2,950","2,745","2,770","2,643","2,500",-,-,-,-,-,-,-,-
city center,71,SW Taylor & 13th,265,240,315,310,300,285,275,-,175,305,360,370,180,-,220,-,-,-,250,195
city center,72,SW Salmon & 14th (pm),460,465,560,540,500,615,635,530,665,520,540,430,370,-,-,-,-,-,210,245
city center,73,SW 6th & Jackson,,325,400,520,340,425,485,385,360,360,435,260,595,-,-,-,-,-,-,240
southwest,74,SW Terwilliger & Sheridan,,470,705,565,805,810,690,710,720,755,645,585,"1,050",-,-,-,-,-,-,620
southwest,75,SW Arnold & 35th,10,25,-,35,-,20,35,50,20,15,40,-,-,-,-,-,-,-,-,-
southwest,77,SW Barbur & Hamilton,490,525,710,535,820,765,630,"1,030",750,705,990,525,460,-,-,-,-,310,-,165
southwest,78,SW BH Hwy & Shattuck,100,140,200,-,225,165,195,235,305,230,270,165,-,-,-,-,-,-,-,-
city center,79,SW Broadway & Jackson,645,465,495,595,545,710,415,960,680,-,-,565,515,-,-,-,-,-,345,255
southwest,80,SW Canyon Ct & Skyline,530,555,510,630,680,730,690,660,540,455,580,385,260,-,-,-,-,-,-,-
southwest,81,SW Capitol & Sunset,430,575,510,640,780,505,520,680,625,615,655,585,400,-,-,370,-,-,330,390
southwest,82,SW Capitol Hwy & Vermont,375,265,255,350,380,305,510,330,345,295,335,225,225,-,-,-,-,-,-,-
city center,83,SW Waterfront Park & Harbor Way,"2,030","2,280","2,115","3,145","2,900","2,675","2,385","2,205","2,210",-,"1,960","1,450",955,"1,020",-,-,-,-,-,815
city center,84,SW Jefferson & 13th,565,640,675,660,610,620,635,825,650,770,495,590,385,-,-,-,-,-,335,230
southwest,85,SW Kingston & Rose Garden,335,355,-,355,380,245,-,360,-,-,380,-,-,-,-,-,-,-,-,-
southwest,86,SW Willamette Greenway & Miles,"1,095",625,415,235,265,225,310,360,370,275,225,225,-,-,-,-,-,-,-,-
southwest,87,SW Moody & Gibbs,"3,650","3,675","3,775","2,345","2,575","2,510","1,890","1,755","1,740","1,425","1,585","1,360",580,-,-,-,-,-,-,440
southwest,88,SW Multnomah & 45th,270,345,425,490,315,320,405,350,365,325,-,240,295,-,-,-,-,-,160,210
city center,89,SW Moody & River Parkway,355,400,445,610,"2,255","2,230","2,005","1,860","1,655","1,290","1,700",-,720,-,-,-,955,-,-,-
southwest,90,SW Terwilliger & 2nd,180,150,-,230,355,170,300,330,285,260,370,-,-,-,-,-,-,-,-,-
southwest,91,SW Terwilliger & Campus Drive,775,685,720,"1,005",875,985,"1,005","1,180","1,145",945,945,950,930,-,-,-,-,-,-,-
southwest,92,SW Capitol Hwy & Terwilliger,655,520,685,795,665,795,810,795,825,750,515,565,-,-,-,-,-,-,-,-
city center,93,SW Waterfront Park & Ankeny,,"2,170","3,270","3,600","3,890","3,995","3,445","2,985","3,365","2,510","2,650","2,200","2,100",-,-,-,-,875,-,810
city center,94,SW Waterfront Park & Morrison,"1,590","2,390","2,850","3,680","4,045","3,610","3,035","3,460","3,835","3,390","2,995","2,680","2,200",-,-,-,"1,490",715,-,"1,215"
northeast,95,NE Couch & 41st,920,"1,185","1,470","1,255","1,395","1,050","1,275","1,020",525,-,-,570,-,-,-,-,-,-,-,-
northwest,96,NW Overton & 18th,"1,100","1,030",940,"1,000",975,-,955,-,775,695,555,375,-,-,-,-,-,-,-,-
north,97,N Interstate/Lloyd/Oregon,"4,890","5,620","5,795","4,820","5,055","5,140","4,785","4,105","4,510",-,"3,525",-,-,-,-,-,-,-,-,-
northeast,98,NE Skidmore & 9th,335,,415,310,325,320,365,-,535,460,695,455,-,-,-,-,-,-,-,-
southeast,99,SE Duke & 72nd,140,230,175,185,310,175,260,275,-,-,-,-,-,-,-,-,-,-,-,-
southeast,100,SE Ankeny & 28th,"2,070","2,463","2,505","2,400","2,715","2,555","2,250","2,815","2,780","2,410","2,605","1,705",-,-,-,-,-,-,-,-
southeast,101,SE Salmon & 34th,"1,670","1,690","1,875","1,870","1,955","1,860","2,035","2,130","2,280","2,115","2,400","1,465",-,-,-,-,-,-,-,-
north,102,N Going & Greeley,,580,745,765,740,680,865,585,595,-,520,460,-,-,-,-,-,-,-,-
north,103,N Port Center Wy & Cement Rd,,,-,-,-,15,15,45,20,35,30,45,-,-,-,-,-,-,-,-
northwest,104,NW Naito & 9th,"1,550","1,545","1,590","1,670","1,405","1,725","1,230","1,475","1,715",980,"1,185",770,-,-,-,-,-,-,-,-
southwest,105,SW Bond & Curry,745,680,855,740,575,630,610,445,540,430,-,405,-,-,-,-,-,-,-,-
northeast,106,NE Irving & 21st,750,600,605,580,575,485,510,465,455,460,-,435,-,-,-,-,-,-,-,-
northeast,107,NE Davis & 41st,"1,310","1,370","1,415","1,315","1,345","1,100","1,070",-,950,915,875,615,-,-,-,-,-,-,-,-
southeast,108,SE Clay & Water,"1,225","1,375",980,"1,610","3,215","2,915","1,895",-,765,655,-,-,-,-,-,-,-,-,-,-
southeast,109,SE Clay & 7th,975,"1,055","1,095",960,"1,105",905,"1,180","1,075","1,095",905,"1,025",-,-,-,-,-,-,-,-,-
southeast,110,SE Clay & 12th,"1,000",930,950,980,"1,285","1,345","1,210","1,470","1,340","1,100","1,235",965,-,-,-,-,-,-,-,-
southwest,111,SW Barbur & Capitol Hwy,130,160,105,130,220,90,290,290,275,150,230,-,-,-,-,-,-,-,-,-
southwest,112,SW Hamilton & 45th,35,25,25,35,40,35,50,45,30,80,50,-,-,-,-,-,-,-,-,-
southwest,113,SW Taylors Ferry & Terwilliger,335,535,400,335,430,425,555,415,430,275,580,-,-,-,-,-,-,-,-,-
southwest,114,SW Palantine & Riverview Cemetary,380,340,465,420,390,-,485,475,560,420,-,-,-,-,-,-,-,-,-,-
southwest,115,SW Barbur & Terwilliger,440,595,675,705,820,770,775,950,"1,020",895,-,-,570,-,-,350,-,175,-,-
southwest,116,SW Bertha & Vermont,50,180,145,155,90,150,180,350,245,175,135,-,-,-,-,-,-,-,-,-
southwest,117,SW Corbett & Nebraska,55,105,85,70,75,70,110,105,115,-,110,-,-,-,-,-,-,-,-,-
southwest,118,SW Arthur & 1st,250,235,330,350,380,445,410,440,415,315,485,-,-,-,-,-,-,-,-,-
city center,119,SW Broadway & Mill,350,640,615,635,640,710,740,780,620,750,735,-,-,-,-,-,-,-,-,-
southwest,120,SW 18th & Trail south of Sunset Hwy,105,120,165,195,100,130,215,75,175,-,-,-,-,-,-,-,-,-,-,-
southwest,121,SW Vista & Montgomery,165,170,115,150,120,185,145,150,120,85,-,-,-,-,-,-,-,-,-,-
northwest,122,NW Thurman & 24th,425,355,420,455,560,575,490,515,635,680,660,-,-,-,-,-,-,-,-,-
northwest,123,NW Lovejoy & 9th,"1,925","2,005","2,790","2,975","3,045","2,525","2,090","2,160","1,530","2,095","2,325",-,-,-,-,-,-,-,-,-
north,124,N Willis & Woolsey,205,185,275,200,195,155,255,-,-,-,155,-,-,-,-,-,-,-,-,-
north,125,N Bryant & Missouri,195,245,280,225,200,365,265,250,-,-,190,-,-,-,-,-,-,-,-,-
north,126,N Union Path & I-5,,,500,-,-,480,460,435,425,450,435,-,-,-,-,-,-,-,-,-
north,127,N Failing & Missouri,220,275,145,205,205,185,210,295,210,175,200,-,-,-,-,-,-,-,-,-
northeast,128,NE Multnomah & Wheeler,"3,500","3,800","4,040","3,260","3,170","3,220","2,770","2,785","2,815","1,730","1,190",-,-,-,-,-,-,-,-,-
northeast,129,NE Going & 9th,"1,965","2,085","2,095","1,910","1,990","1,835","1,720","1,585","1,040",490,515,-,-,-,-,-,-,-,-,-
northeast,130,NE Tillamook & 28th,"1,130","1,370","1,660","1,590","1,490","1,645","1,685","1,440","1,425","1,490",-,-,-,-,-,-,-,-,-,-
northeast,131,NE Prescott & Cully,335,390,335,435,315,225,480,290,-,180,360,-,-,-,-,-,-,-,-,-
northeast,132,NE Tillamook & 74th,510,,565,430,505,425,530,455,350,240,320,-,-,-,-,-,-,-,-,-
east,133,NE Airport Wy & I-205 path,190,295,-,475,-,345,455,585,355,510,445,-,-,-,-,-,-,-,-,-
southwest,134,SW Troy & Capitol Hill,40,70,30,75,70,65,60,80,75,90,110,-,-,-,-,-,-,-,-,-
east,135,NE Maywood Place & I-205 Path,265,265,310,295,270,290,295,280,150,260,205,-,-,-,-,-,-,-,-,-
east,136,E Burnside & I-205 path,595,710,-,655,830,430,750,-,580,465,450,-,-,-,-,-,-,-,-,-
southeast,138,SE Milwaukie & Mitchell,520,700,485,645,680,775,-,755,890,635,765,-,-,-,-,-,-,-,-,-
east,140,SE Division & 96th Dr,145,125,165,180,205,155,195,195,160,170,215,-,-,-,-,-,-,-,-,-
east,141,SE Division & 122nd,175,,255,290,330,500,370,-,360,185,275,-,-,-,-,-,-,-,-,-
east,142,SE Powell & 122nd,180,200,150,240,-,285,345,235,270,215,325,-,-,-,-,-,-,-,-,-
east,143,SE Powell & 162nd,50,,100,-,105,135,120,-,80,215,160,-,-,-,-,-,-,-,-,-
southwest,144,SW Humphrey & Patton,365,200,355,170,350,305,545,480,435,350,370,-,235,-,-,-,-,-,-,-
southwest,145,SW Terwilliger & Westwood,835,765,730,925,775,865,710,965,905,730,-,-,-,-,-,-,-,-,-,-
city center,146,SW Broadway & Montgomery,405,385,540,"1,050",870,-,"1,180","1,300","1,010","1,075",-,-,-,-,-,-,-,-,-,-
city center,147,SW Stark & 9th,750,730,"1,080","1,120",840,960,785,755,-,-,-,-,-,-,-,-,-,-,-,-
city center,148,SW Park & Oak,580,870,785,805,710,755,775,760,645,-,-,-,-,-,-,-,-,-,-,-
southeast,149,SE Center & 52nd,700,660,745,655,330,415,450,-,280,355,-,-,-,-,-,-,-,-,-,-
east,150,SE Holgate & 112th,75,140,165,155,205,215,210,150,165,220,-,-,-,-,-,-,-,-,-,-
east,151,SE Market & 130th,100,120,160,-,-,170,290,205,360,250,-,-,-,-,-,-,-,-,-,-
east,152,SE Main & 96th (East side),220,125,160,-,-,345,210,-,225,-,-,-,-,-,-,-,-,-,-,-
northeast,153,NE Glisan & 28th,760,"1,000","1,065","1,190","1,330","1,280","1,335","1,310","1,385",-,-,-,-,-,-,-,-,-,-,-
north,154,N Concord & Willamette,465,600,700,545,575,-,-,625,440,-,-,-,-,-,-,-,-,-,-,-
north,155,N Bryant & Wabash,,235,345,220,325,285,215,235,125,195,-,-,-,-,-,-,-,-,-,-
city center,156,SW Broadway & Main,540,"1,020",800,950,"1,435","1,195","1,175","1,255",795,-,-,-,-,-,-,-,-,-,-,-
city center,157,SW Naito & Clay,"1,005",745,740,"1,115",-,865,975,-,-,"1,125",-,-,-,-,-,-,-,-,-,-
city center,158,SW Main & 9th,375,180,435,395,640,570,530,-,-,635,-,-,-,-,-,-,-,-,-,-
city center,159,SW Park (NB) & Market,165,275,515,265,315,290,-,365,325,-,-,-,-,-,-,-,-,-,-,-
southeast,160,SE Clinton & 13th,"2,720","2,990","2,480","1,675",990,365,"1,020","1,030",855,695,-,-,-,-,-,-,-,-,-,-
city center,161,NW Broadway & Hoyt,"2,605","2,835","2,865","2,915","2,835","2,480","2,600","2,405",-,"1,915",-,-,-,-,-,-,-,-,-,-
city center,162,NW Broadway & Couch,"2,005","1,755","1,955","2,235","2,330","1,910","1,540","1,870","1,785","1,815",-,-,-,-,-,-,-,-,-,-
northwest,163,NW Johnson & 14th,"1,270","1,300","1,395","1,155","1,155","1,145","1,075","1,035","1,030","1,055",-,-,-,-,-,-,-,-,-,-
city center,164,SW Burnside & 13th/Stark,345,400,450,535,660,405,540,435,460,480,-,-,-,-,-,-,-,-,-,-
north,165,N Central & N Burr,100,105,165,180,150,140,150,150,110,-,-,-,-,-,-,-,-,-,-,-
north,166,N Wabash & N Halleck,,180,170,170,-,125,110,85,125,-,-,-,-,-,-,-,-,-,-,-
north,167,N Bryant & Concord,245,235,220,185,200,270,170,-,200,-,-,-,-,-,-,-,-,-,-,-
northeast,168,NE Holman & 27th,340,355,570,430,515,520,420,-,280,-,-,-,-,-,-,-,-,-,-,-
northeast,169,NE Klickitat & 27th,310,315,600,410,450,470,510,470,-,-,-,-,-,-,-,-,-,-,-,-
southeast,170,SE Mill & 87th,205,225,280,285,255,285,210,205,415,-,-,-,-,-,-,-,-,-,-,-
east,171,SE Holgate & 100th,115,200,100,200,250,235,290,175,155,-,-,-,-,-,-,-,-,-,-,-
east,172,SE Bush & 122nd,285,175,200,180,205,230,220,235,205,-,-,-,-,-,-,-,-,-,-,-
southeast,173,SE Umatilla & 19th,865,800,820,"1,060",795,"1,085","1,310",915,870,-,-,-,-,-,-,-,-,-,-,-
southeast,174,SE Spokane & 15th,365,365,370,565,-,515,675,550,260,-,-,-,-,-,-,-,-,-,-,-
southwest,175,SW Illinois & 45th,25,40,-,35,60,65,30,80,45,-,-,-,-,-,-,-,-,-,-,-
bridge,176,Morrison Bridge & SW Alder Ramp,730,665,"1,090","1,180",800,785,860,-,755,-,-,-,45,-,-,-,-,-,-,115
city center,200,SW Broadway & 6th (S of I-405),760,845,755,"1,085",950,"1,055","1,585","1,125","1,405","1,025","1,090",-,-,-,-,-,-,-,-,-
northeast,201,NE Alberta & 72nd,165,155,120,140,115,135,130,155,70,-,-,-,-,-,-,-,-,-,-,-
north,202,N Chautauqua & Willis,,110,155,35,125,120,130,-,125,-,-,-,-,-,-,-,-,-,-,-
northeast,203,NE Morris & 7th,775,820,"1,180",-,880,755,880,755,-,-,-,-,-,-,-,-,-,-,-,-
north,204,N Skidmore & Michigan,810,780,595,660,670,715,735,830,-,-,-,-,-,-,-,-,-,-,-,-
north,205,N Michigan & Rosa Parks,660,685,745,785,730,670,550,475,-,-,-,-,-,-,-,-,-,-,-,-
southwest,206,SW Multnomah & 25th,245,285,-,175,300,260,270,415,-,-,-,-,-,-,-,-,-,-,-,-
southwest,207,SW Capitol Hwy & 35th,170,155,190,245,180,220,80,240,-,-,-,-,-,-,-,-,-,-,-,-
northeast,208,NE Alberta & Cully,390,,275,265,345,230,185,250,-,-,-,-,-,-,-,-,-,-,-,-
east,209,NE Prescott & I-205,200,145,245,185,-,220,160,70,-,-,-,-,-,-,-,-,-,-,-,-
east,210,NE 102 & Pacific,,,-,145,255,295,250,185,-,-,-,-,-,-,-,-,-,-,-,-
east,211,SE Steele I-205 Overpass (including trail),435,405,585,525,650,620,515,-,-,-,-,-,-,-,-,-,-,-,-,-
southeast,212,SE Woodstock & 52nd,665,615,710,640,605,440,595,450,-,-,-,-,-,-,-,-,-,-,-,-
northeast,213,NE Holladay & 7th,960,865,935,980,905,-,"1,140",835,-,-,-,-,-,-,-,-,-,-,-,-
city center,214,SW River Parkway & River Dr,165,200,200,265,"1,250","1,170",870,-,-,-,-,745,-,-,-,-,-,-,-,-
city center,215,SW Naito & Morrison Bridge,"3,385","2,555",-,"1,425",-,900,"1,020",-,-,-,-,-,-,-,-,-,-,-,-,-
city center,216,SW Stark & 4th,"1,935","2,325","1,995","2,245","1,955","2,230","1,835",-,-,-,-,-,-,-,-,-,-,-,-,-
city center,217,SW 5th & Jackson/Lincoln,,330,300,460,320,265,385,-,-,-,-,-,-,-,-,-,-,-,-,-
city center,218,SW Oak & 3rd,"1,200","1,695","1,540","1,655","1,285","1,345","1,185",-,-,-,-,-,-,-,-,-,-,-,-,-
east,219,SE Springwater & 92nd,590,700,970,690,755,855,"1,050",-,-,-,-,490,-,-,-,-,-,-,-,-
east,220,SE Springwater Trail & SE 101st,385,600,640,745,685,645,805,-,-,-,-,-,-,-,-,-,-,-,-,-
east,221,SE Bush & 102nd,60,20,85,50,95,50,45,-,-,-,-,-,-,-,-,-,-,-,-,-
east,222,SE Mill & 148th,120,150,165,-,145,-,-,-,-,-,-,-,-,-,-,-,-,-,-,-
east,223,SE Main & 162nd,150,145,75,150,110,180,125,-,-,-,-,-,-,-,-,-,-,-,-,-
northeast,224,E Burnside & NE 86th,405,415,370,480,555,355,580,-,-,-,-,-,-,-,-,-,-,-,-,-
northeast,225,NE Klickitat & 38th,935,930,960,"1,000",955,975,690,-,-,-,-,-,-,-,-,-,-,-,-,-
northeast,226,NE Klickitat & 57th,710,470,460,345,645,470,505,-,-,-,-,-,-,-,-,-,-,-,-,-
northeast,227,NE Hancock & 47th,815,735,845,910,825,725,680,-,-,-,-,-,-,-,-,-,-,-,-,-
northeast,228,NE Couch & 6th,"1,485","1,865","1,715","1,860","1,775","1,605","1,300",-,-,-,-,-,-,-,-,-,-,-,-,-
northeast,229,NE Holman & Grand,265,240,270,260,270,210,175,-,-,-,-,-,-,-,-,-,-,-,-,-
northeast,230,NE Marine Dr Trail & 33rd,250,315,220,275,-,265,350,-,-,-,-,-,-,-,-,-,-,-,-,-
north,231,N Going & Vancouver,"2,965","3,435","3,660","3,480","2,930","3,625","3,225",-,-,-,-,-,-,-,-,-,-,-,-,-
north,232,N Going & Williams,"1,605","3,835","3,705","3,780","3,600","3,850","2,870",-,-,-,-,-,-,-,-,-,-,-,-,-
north,233,N Denver & Terry,310,345,425,600,360,380,355,-,-,-,-,-,-,-,-,-,-,-,-,-
north,234,N Willamette Blvd & Carey (to Trail),615,760,830,855,-,695,935,-,-,-,-,-,-,-,-,-,-,-,-,-
northwest,235,NW Couch & 14th,815,690,765,650,555,410,525,-,-,-,-,-,-,-,-,-,-,-,-,-
northwest,236,NW Raleigh & 14th,320,335,400,405,320,200,220,-,-,-,-,-,-,-,-,-,-,-,-,-
northwest,237,NW Overton & 19th,555,665,485,595,690,595,500,-,-,-,-,-,-,-,-,-,-,-,-,-
northwest,238,NW Marshall & 14th,"1,145","1,165","1,075","1,150",690,"1,020",865,-,-,-,-,-,-,-,-,-,-,-,-,-
northwest,239,NW Marshall & 18th,705,795,665,635,585,660,655,-,-,-,-,-,-,-,-,-,-,-,-,-
northwest,240,NW Marshall & 19th,658,635,625,660,490,590,540,-,-,-,-,-,-,-,-,-,-,-,-,-
southeast,241,Springwater Corridor (S of Ivon),"3,240","2,865","2,880","3,095","3,000","2,980","2,820",-,-,-,"2,543",-,-,-,"1,157",-,-,-,-,-
southeast,242,E Burnside & SE 6th,"1,855","2,095","2,150","2,210","2,165","1,885","1,940",-,-,-,-,-,-,-,-,-,-,-,-,-
southeast,243,E Burnside & SE 12th,,750,"1,455","1,645","1,580","1,675","1,635",-,-,-,-,-,-,-,-,-,-,-,-,-
southeast,244,SE Clinton & 34th,"2,820","3,050","2,620","2,510","2,370","2,315","2,545",-,-,-,-,-,-,-,-,-,-,-,-,-
southeast,245,SE Ladd & 20th/21st,"1,815","1,860","2,260","2,330","2,710","3,025","2,855",-,-,-,-,-,-,-,-,-,-,-,-,-
southeast,246,SE Salmon & 28th,"1,095","1,050","1,145","1,070","1,170","1,145","1,160",-,-,-,-,-,-,-,-,-,-,-,-,-
southeast,247,SE Taylor & 53rd,355,400,440,435,255,245,215,-,-,-,-,-,-,-,-,-,-,-,-,-
southeast,248,SE Flavel & 52nd,205,200,180,240,200,225,-,-,-,-,-,-,-,-,-,-,-,-,-,-
southeast,249,SE Flavel & 87th,140,160,190,160,290,-,180,-,-,-,-,-,-,-,-,-,-,-,-,-
southeast,250,SE Woodstock & 87th,98,145,160,110,190,-,-,-,-,-,-,-,-,-,-,-,-,-,-,-
southeast,251,SE Brooklyn & 85th,45,65,130,65,135,160,75,-,-,-,-,-,-,-,-,-,-,-,-,-
southeast,252,SE Lincoln & 52nd,"1,235","1,290","1,420","1,535","1,125","1,105","1,205",-,-,-,-,-,-,-,-,-,-,-,-,-
southeast,253,SE Caruthers & Eastbank Esplanade,"3,260","3,275","3,160","2,760","2,110",-,"2,940",-,-,-,-,-,-,-,-,-,-,-,-,-
northeast,254,NE Killingsworth & Cully,90,130,145,-,220,160,265,195,140,-,-,-,-,-,-,-,-,-,-,-
city center,255,SW Naito & Ankeny,"3,290","3,195","2,235","2,275","1,875","1,835","1,685",-,-,-,840,-,-,-,-,-,-,-,-,-
southeast,256,SE Caruthers & Water,,"5,540","6,175","4,330","3,595","3,470",-,-,-,-,-,-,-,-,-,-,-,-,-,-
southeast,257,SE Division & 60th,390,365,570,420,400,495,-,-,-,-,-,-,-,-,-,-,-,-,-,-
north,258,N Going & Concord,600,540,325,210,360,-,-,-,-,-,-,-,-,-,-,-,-,-,-,-
northeast,259,NE Multnomah & 21st,"2,145","1,710","1,640","1,700",-,-,-,-,-,-,-,-,-,-,-,-,-,-,-,-
east,260,NE Halsey & 128th,5,30,50,55,105,-,-,-,-,-,-,-,-,-,-,-,-,-,-,-
northeast,261,NE Alderwood & 82nd,145,50,60,-,-,-,-,-,-,-,-,-,-,-,-,-,-,-,-,-
northeast,262,NE Multnomah & 11th,"1,185","1,270",815,"1,045",-,-,-,-,-,-,-,-,-,-,-,-,-,-,-,-
northeast,263,NE Rodney & Morris,880,830,855,630,730,-,-,-,-,-,-,-,-,-,-,-,-,-,-,-
northwest,264,NW Everett & 19th,685,825,875,620,-,-,-,-,-,-,-,-,-,-,-,-,-,-,-,-
southeast,265,SE Holgate & 17th,645,795,755,530,335,-,-,-,-,-,-,-,-,-,-,-,-,-,-,-
southeast,266,SE Division & 76th,365,470,450,155,470,-,-,-,-,-,-,-,-,-,-,-,-,-,-,-
southeast,267,SE Stark & 76th,168,130,205,370,160,-,-,-,-,-,-,-,-,-,-,-,-,-,-,-
southeast,268,SE Bybee & 19th,905,400,510,495,405,-,-,-,-,-,-,-,-,-,-,-,-,-,-,-
southeast,269,SE Woodstock & 28th,275,355,520,415,495,-,-,-,-,-,-,-,-,-,-,-,-,-,-,-
southeast,270,SE Foster & 67th,325,300,440,310,425,-,-,-,-,-,-,-,-,-,-,-,-,-,-,-
city center,271,SW Columbia & 14th,215,215,225,470,-,-,-,-,-,-,-,-,-,-,-,-,-,-,-,-
city center,272,SW Salmon & 14th (am),495,440,460,640,585,-,-,-,-,-,-,-,-,-,-,-,-,-,-,-
city center,273,SW Jefferson & 12th,310,475,630,530,450,-,-,-,-,-,-,-,-,-,-,-,-,-,-,-
city center,274,SW Lincoln & 1st,540,665,635,"2,145",525,-,-,-,-,-,-,-,-,-,-,-,-,-,-,-
northeast,275,NE Tillamook & 7th,"1,825","2,115","2,050","1,130","2,475",-,-,-,-,-,-,-,-,-,-,-,-,-,-,-
southeast,276,SE Powell over-crossing @ 17th Ave,"1,185","1,220","1,275",690,-,-,-,-,-,-,-,-,-,-,-,-,-,-,-,-
northeast,277,NE Alameda & 57th,523,580,465,430,-,-,-,-,-,-,-,-,-,-,-,-,-,-,-,-
city center,278,SW River Pkwy/Harrison & Harbor Path,,"2,225","2,230","2,345",-,-,-,-,-,-,-,-,-,-,-,-,-,-,-,-
city center,279,NW Couch & 3rd,"1,500","1,560","1,530","1,485",-,-,-,-,-,-,-,-,-,-,-,-,-,-,-,-
northeast,280,NE Halsey & 42nd,455,390,380,-,-,-,-,-,-,-,-,-,-,-,-,-,-,-,-,-
city center,281,W Burnside & 3rd,965,"1,135","1,080",-,-,-,-,-,-,-,-,-,-,-,-,-,-,-,-,-
city center,282,SW Stark & 2nd,"2,200","2,465","2,215",-,-,-,-,-,-,-,-,-,-,-,-,-,-,-,-,-
city center,283,NW Couch & 2nd,,"1,225","1,360",-,-,-,-,-,-,-,-,-,-,-,-,-,-,-,-,-
east,285,SE Holgate & 128th,100,80,120,-,-,-,-,-,-,-,-,-,-,-,-,-,-,-,-,-
east,286,NE Halsey & 106th,153,145,160,-,-,-,-,-,-,-,-,-,-,-,-,-,-,-,-,-
north,287,N Lombard & Bruce,,80,-,-,-,-,-,-,-,-,-,-,-,-,-,-,-,-,-,-
southeast,288,SE Salmon & 29th,"1,000","1,355","1,170",-,-,-,-,-,-,-,-,-,-,-,-,-,-,-,-,-
southeast,289,SE Ankeny & 30th,"2,065","1,598","1,515",-,-,-,-,-,-,-,-,-,-,-,-,-,-,-,-,-
northeast,290,NE Glisan & 30th,653,775,445,-,-,-,-,-,-,-,-,-,-,-,-,-,-,-,-,-
northeast,291,NE Tillamook & 26th,"1,570","1,365","1,185",-,-,-,-,-,-,-,-,-,-,-,-,-,-,-,-,-
northeast,292,NE Klickitat & 26th Ave,635,475,280,-,-,-,-,-,-,-,-,-,-,-,-,-,-,-,-,-
northeast,293,NE Skidmore & 32nd Ave,295,305,235,-,-,-,-,-,-,-,-,-,-,-,-,-,-,-,-,-
southeast,294,SE Franklin & 26th Ave,,480,725,-,-,-,-,-,-,-,-,-,-,-,-,-,-,-,-,-
northeast,295,NE Rodney & Bryant,,35,50,-,-,-,-,-,-,-,-,-,-,-,-,-,-,-,-,-
southwest,296,SW Miles & 60th,30,30,40,-,-,-,-,-,-,-,-,-,-,-,-,-,-,-,-,-
east,297,NE Tillamook & 108th,50,105,35,-,-,-,-,-,-,-,-,-,-,-,-,-,-,-,-,-
east,298,NE Glisan & 108th,35,120,95,-,-,-,-,-,-,-,-,-,-,-,-,-,-,-,-,-
east,299,NE Holladay & 122nd,135,115,,,,,,,,,,,,,,,,,,
city center,300,SW Naito & Salmon,"3,725","4,145",,,,,,,,,,,,,,,,,,
southeast,301,SE Lafayette & 21st,,915,,,,,,,,,,,,,,,,,,
southeast,302,SE Odgen & 67th,55,35,,,,,,,,,,,,,,,,,,
northwest,303,NW Johnson & 20th,415,585,,,,,,,,,,,,,,,,,,
city center,304,SW Alder & 18th,330,315,,,,,,,,,,,,,,,,,,
southwest,305,SW Capitol Hwy & Dolph Ct/41st,40,30,,,,,,,,,,,,,,,,,,
east,306,NE Fremont & 102nd,85,100,,,,,,,,,,,,,,,,,,
east,307,NE Weidler & 106th,70,,,,,,,,,,,,,,,,,,,
east,308,NE San Rafael & 132nd,20,45,,,,,,,,,,,,,,,,,,
east,309,NE Holladay & 114th,,10,,,,,,,,,,,,,,,,,,
southeast,310,SE MLK & Morrison,195,,,,,,,,,,,,,,,,,,,
northwest,311,NW Marshall & 16th,735,755,,,,,,,,,,,,,,,,,,
southwest,312,SW Scholls Ferry Rd & Raab Rd/Humphrey Blvd,55,50,,,,,,,,,,,,,,,,,,
northwest,313,NW Overton & 11th,"1,370","1,555",,,,,,,,,,,,,,,,,,
north,314,N Williams & Dekum,580,,,,,,,,,,,,,,,,,,,
east,315,NE Tillamook & 102nd,68,,,,,,,,,,,,,,,,,,,
north,316,N Tillamook & Flint,"3,170",,,,,,,,,,,,,,,,,,,
city center,317,SW Naito @ Morrison Bridge,"3,428",,,,,,,,,,,,,,,,,,,
city center,318,SW Naito & Ankeny,"2,095",,,,,,,,,,,,,,,,,,,
city center,319,SW Naito & Salmon,"3,315",,,,,,,,,,,,,,,,,,,
southeast,320,SE Water & Morrison Bridge path,865,,,,,,,,,,,,,,,,,,,
southeast,321,SE Foster & 77th/78th,70,,,,,,,,,,,,,,,,,,,
southeast,322,SE Linn & 19th,995,,,,,,,,,,,,,,,,,,,
southeast,323,SE Bybee & 32nd,215,,,,,,,,,,,,,,,,,,,
north,324,N Fessenden & Burr,115,,,,,,,,,,,,,,,,,,,
north,325,N Kilpatrick & Chautauqua,185,,,,,,,,,,,,,,,,,,,
north,326,N Whitaker & Denver (Delta Park),395,,,,,,,,,,,,,,,,,,,
north,327,N Vancouver & Columbia Slough Trail,385,,,,,,,,,,,,,,,,,,,
southeast,328,SE Belmont & 7th,"1,340",,,,,,,,,,,,,,,,,,,
north,329,N Williams & Rosa Parks Way,"1,285",,,,,,,,,,,,,,,,,,,
east,330,NE Glisan & 128th,55,,,,,,,,,,,,,,,,,,,
east,331,NE Glisan & 156th,,,,,,,,,,,,,,,,,,,,